;game;color;move;turn;timestamp
0;1;white;e4;1;0:02:53
1;1;black;c5;2;0:02:59
2;1;white;Nf3;3;0:02:52
3;1;black;Nc6;4;0:02:59
4;1;white;Nc3;5;0:02:50
5;1;black;e5;6;0:02:58
6;1;white;Bc4;7;0:02:50
7;1;black;Nf6;8;0:02:57
8;1;white;Ng5;9;0:02:48
9;1;black;Be7;10;0:02:56
10;1;white;O-O;11;0:02:44
11;1;black;d5;12;0:02:53
12;1;white;exd5;13;0:02:43
13;1;black;Nxd5;14;0:02:51
14;1;white;Nxd5;15;0:02:37
15;1;black;Bxg5;16;0:02:48
16;1;white;Qh5;17;0:02:30
17;1;black;Bf6;18;0:02:40
18;1;white;Nxf6+;19;0:02:26
19;1;black;Qxf6;20;0:02:39
20;1;white;c3;21;0:02:12
21;1;black;Qg6;22;0:02:32
22;1;white;Qxg6;23;0:02:11
23;1;black;fxg6;24;0:02:29
24;1;white;Re1;25;0:02:10
25;1;black;Na5;26;0:02:19
26;1;white;Rxe5+;27;0:02:07
27;1;black;Kd7;28;0:02:16
28;1;white;d3;29;0:01:49
29;1;black;Nxc4;30;0:02:00
30;1;white;dxc4;31;0:01:48
31;1;black;Kd6;32;0:01:53
32;1;white;Bf4;33;0:01:47
33;1;black;Bf5;34;0:01:50
34;1;white;Rd1+;35;0:01:42
35;1;black;Kc6;36;0:01:48
36;1;white;Rdd5;37;0:01:37
37;1;black;Rhe8;38;0:01:44
38;1;white;Rxc5+;39;0:01:36
39;1;black;Kb6;40;0:01:39
40;1;white;Rxe8;41;0:01:24
41;1;black;Rxe8;42;0:01:38
42;1;white;Be3;43;0:01:22
43;1;black;Ka6;44;0:01:33
44;1;white;b4;45;0:01:16
45;1;black;b6;46;0:01:30
46;1;white;Ra5+;47;0:01:12
47;1;black;bxa5;48;0:01:29
48;1;white;c5;49;0:01:08
49;1;black;axb4;50;0:01:26
50;1;white;cxb4;51;0:01:08
51;1;black;Kb5;52;0:01:25
52;1;white;a3;53;0:01:07
53;1;black;Rd8;54;0:01:20
54;1;white;h3;55;0:01:03
55;1;black;Ka4;56;0:01:14
56;1;white;g4;57;0:01:01
57;1;black;Be4;58;0:01:12
58;1;white;Bg5;59;0:00:57
59;1;black;Kxa3;60;0:01:09
60;1;white;c6;61;0:00:56
61;1;black;Rc8;62;0:01:07
62;1;white;b5;63;0:00:55
63;1;black;Kb4;64;0:01:05
64;1;white;f3;65;0:00:49
65;1;black;Bd3;66;0:01:02
66;1;white;Kf2;67;0:00:37
67;1;black;Kxb5;68;0:01:00
68;1;white;c7;69;0:00:35
69;1;black;Rxc7;70;0:00:58
70;1;white;Ke3;71;0:00:35
71;1;black;Bc4;72;0:00:55
72;1;white;f4;73;0:00:31
73;1;black;h6;74;0:00:51
74;1;white;Bd8;75;0:00:28
75;1;black;Rd7;76;0:00:50
76;1;white;Bh4;77;0:00:19
77;1;black;Kc5;78;0:00:39
78;1;white;Kf3;79;0:00:18
79;1;black;a5;80;0:00:38
80;1;white;g5;81;0:00:17
81;1;black;hxg5;82;0:00:36
82;1;white;Bxg5;83;0:00:16
83;1;black;a4;84;0:00:35
84;1;white;Bh4;85;0:00:11
85;1;black;a3;86;0:00:34
86;1;white;Be1;87;0:00:11
87;1;black;a2;88;0:00:32
88;1;white;Bc3;89;0:00:10
89;1;black;Rd3+;90;0:00:30
90;1;white;Ke2;91;0:00:07
91;1;black;Rxc3+;92;0:00:29
92;1;white;Kd2;93;0:00:06
93;1;black;Kb4;94;0:00:27
94;1;white;f5;95;0:00:04
95;1;black;gxf5;96;0:00:25
96;1;white;h4;97;0:00:04
97;1;black;a1=Q;98;0:00:23
98;1;white;h5;99;0:00:04
99;1;black;Qa2+;100;0:00:22
100;1;white;Kd1;101;0:00:03
101;1;black;Rb3;102;0:00:20
102;1;white;Kc1;103;0:00:03
103;1;black;Rb1#;104;0:00:18
104;2;white;e4;1;0:03:00
105;2;black;c6;2;0:02:59
106;2;white;d4;3;0:02:55
107;2;black;d5;4;0:02:58
108;2;white;e5;5;0:02:55
109;2;black;Bf5;6;0:02:56
110;2;white;g4;7;0:02:52
111;2;black;Qa5+;8;0:02:42
112;2;white;c3;9;0:02:50
113;2;black;Be4;10;0:02:35
114;2;white;f3;11;0:02:49
115;2;black;Bg6;12;0:02:13
116;2;white;h4;13;0:02:43
117;2;black;h5;14;0:02:12
118;2;white;f4;15;0:02:34
119;2;black;Nh6;16;0:02:07
120;2;white;f5;17;0:02:27
121;2;black;Bh7;18;0:02:06
122;2;white;g5;19;0:02:24
123;2;black;Nxf5;20;0:02:05
124;2;white;Nd2;21;0:02:14
125;2;black;e6;22;0:01:58
126;2;white;Ndf3;23;0:02:13
127;2;black;Be7;24;0:01:52
128;2;white;Be3;25;0:02:07
129;2;black;g6;26;0:01:50
130;2;white;Qd2;27;0:02:05
131;2;black;Nd7;28;0:01:49
132;2;white;a3;29;0:01:56
133;2;black;c5;30;0:01:46
134;2;white;O-O-O;31;0:01:53
135;2;black;Nxe3;32;0:01:45
136;2;white;Qxe3;33;0:01:52
137;2;black;cxd4;34;0:01:42
138;2;white;Qxd4;35;0:01:43
139;2;black;Rc8;36;0:01:35
140;2;white;Qd3;37;0:01:31
141;2;black;Bc5;38;0:01:24
142;2;white;Nd4;39;0:01:25
143;2;black;Bxd4;40;0:01:23
144;2;white;Qxd4;41;0:01:24
145;2;black;Nb6;42;0:01:20
146;2;white;Nf3;43;0:01:22
147;2;black;O-O;44;0:01:17
148;2;white;Qd3;45;0:01:19
149;2;black;Nc4;46;0:01:13
150;2;white;Nd4;47;0:01:13
151;2;black;Nxa3;48;0:01:11
152;2;white;bxa3;49;0:01:08
153;2;black;Qxa3+;50;0:01:10
154;2;white;Kd2;51;0:01:05
155;2;black;f5;52;0:01:01
156;2;white;exf6;53;0:00:53
157;2;black;Rxf6;54;0:00:58
158;2;white;gxf6;55;0:00:50
159;2;black;g5;56;0:00:57
160;2;white;Qg3;57;0:00:40
161;2;black;Rxc3;58;0:00:52
162;2;white;Qxg5+;59;0:00:38
163;2;black;Kf7;60;0:00:50
164;2;white;Qg7+;61;0:00:36
165;2;black;Ke8;62;0:00:49
166;2;white;f7+;63;0:00:32
167;2;black;Kd8;64;0:00:48
168;2;white;f8=Q+;65;0:00:29
169;2;black;Qxf8;66;0:00:47
170;2;white;Qxf8+;67;0:00:27
171;2;black;Kd7;68;0:00:47
172;2;white;Qf7+;69;0:00:24
173;2;black;Kd6;70;0:00:45
174;2;white;Nb5+;71;0:00:20
175;2;black;Ke5;72;0:00:43
176;2;white;Nxc3;73;0:00:19
177;2;black;Kd4;74;0:00:43
178;2;white;Qxh7;75;0:00:17
179;2;black;b6;76;0:00:41
180;2;white;Qd3+;77;0:00:14
181;2;black;Kc5;78;0:00:40
182;2;white;Rc1;79;0:00:09
183;2;black;a5;80;0:00:40
184;2;white;Na2+;81;0:00:07
185;2;black;Kd6;82;0:00:39
186;2;white;Qa6;83;0:00:04
187;2;black;a4;84;0:00:39
188;2;white;Qxb6+;85;0:00:03
189;2;black;Ke7;86;0:00:38
190;2;white;Rc7+;87;0:00:02
191;2;black;Kf6;88;0:00:38
192;2;white;Rg1;89;0:00:01
193;2;black;Ke5;90;0:00:38
194;2;white;Be2;91;0:00:00
195;2;black;a3;92;0:00:38
196;3;white;e4;1;0:09:58
197;3;black;e5;2;0:09:57
198;3;white;Nf3;3;0:09:53
199;3;black;Nc6;4;0:09:54
200;3;white;Bc4;5;0:09:52
201;3;black;Bc5;6;0:09:46
202;3;white;Ng5;7;0:09:48
203;3;black;Qxg5;8;0:09:43
204;3;white;d4;9;0:09:47
205;3;black;Bxd4;10;0:09:13
206;3;white;Bxg5;11;0:09:45
207;3;black;Bxb2;12;0:08:55
208;3;white;Nd2;13;0:08:51
209;3;black;Bxa1;14;0:07:54
210;3;white;Qxa1;15;0:08:42
211;3;black;Nd4;16;0:07:53
212;3;white;Qc3;17;0:08:08
213;3;black;h6;18;0:07:37
214;3;white;Qb4;19;0:07:27
215;3;black;Nxc2+;20;0:07:31
216;3;white;Ke2;21;0:07:21
217;3;black;Nxb4;22;0:07:30
218;3;white;Rc1;23;0:07:12
219;3;black;hxg5;24;0:07:22
220;3;white;a3;25;0:07:07
221;3;black;Nc6;26;0:07:17
222;3;white;Ke3;27;0:07:03
223;3;black;d6;28;0:07:14
224;3;white;Bd5;29;0:07:00
225;3;black;Nf6;30;0:07:10
226;3;white;f3;31;0:06:58
227;3;black;Nxd5+;32;0:07:08
228;3;white;exd5;33;0:06:58
229;3;black;Nd4;34;0:07:00
230;3;white;Rxc7;35;0:06:55
231;3;black;O-O;36;0:06:56
232;3;white;Ne4;37;0:06:50
233;3;black;Rd8;38;0:06:29
234;3;white;g3;39;0:06:31
235;3;black;Rd7;40;0:06:20
236;3;white;Rxd7;41;0:06:21
237;3;black;Bxd7;42;0:06:18
238;3;white;Nxg5;43;0:06:17
239;3;black;f6;44;0:06:06
240;3;white;Ne4;45;0:06:16
241;3;black;b6;46;0:06:03
242;3;white;Nxd6;47;0:06:15
243;3;black;Nc2+;48;0:05:47
244;3;white;Ke4;49;0:06:03
245;3;black;Nxa3;50;0:05:45
246;3;white;h4;51;0:06:03
247;3;black;b5;52;0:05:42
248;3;white;g4;53;0:06:02
249;3;black;b4;54;0:05:41
250;3;white;Nc4;55;0:06:01
251;3;black;b3;56;0:05:40
252;3;white;h5;57;0:06:00
253;3;black;Nxc4;58;0:05:36
254;3;white;Kd3;59;0:05:57
255;3;black;Rc8;60;0:05:29
256;4;white;e4;1;0:10:00
257;4;black;e5;2;0:10:00
258;4;white;Nf3;3;0:09:56
259;4;black;Nf6;4;0:09:59
260;4;white;Nc3;5;0:09:55
261;4;black;Bb4;6;0:09:57
262;4;white;Bc4;7;0:09:42
263;4;black;O-O;8;0:09:54
264;4;white;d3;9;0:09:16
265;4;black;Nc6;10;0:09:47
266;4;white;Bd2;11;0:08:45
267;4;black;Bxc3;12;0:09:44
268;4;white;Bxc3;13;0:08:42
269;4;black;b6;14;0:09:38
270;4;white;Nxe5;15;0:08:13
271;4;black;Nxe5;16;0:09:34
272;4;white;Bxe5;17;0:08:13
273;4;black;a5;18;0:09:32
274;4;white;Qf3;19;0:07:56
275;4;black;Ba6;20;0:09:26
276;4;white;Bxa6;21;0:07:51
277;4;black;Rxa6;22;0:09:25
278;4;white;O-O-O;23;0:07:49
279;4;black;b5;24;0:09:24
280;4;white;Kb1;25;0:07:48
281;4;black;Re6;26;0:09:21
282;4;white;Qg3;27;0:07:38
283;4;black;d6;28;0:09:12
284;4;white;Bd4;29;0:07:29
285;4;black;c5;30;0:09:10
286;4;white;Be3;31;0:07:15
287;4;black;b4;32;0:09:02
288;4;white;b3;33;0:06:46
289;4;black;Qb6;34;0:08:46
290;4;white;d4;35;0:06:30
291;4;black;Rd8;36;0:08:41
292;4;white;Bh6;37;0:06:19
293;4;black;Ng4;38;0:08:33
294;4;white;Qxg4;39;0:06:15
295;4;black;Rxh6;40;0:08:33
296;4;white;e5;41;0:05:31
297;4;black;dxe5;42;0:08:27
298;4;white;dxc5;43;0:05:30
299;4;black;f5;44;0:07:52
300;4;white;cxb6;45;0:05:02
301;4;black;fxg4;46;0:07:47
302;4;white;Rxd8+;47;0:05:00
303;4;black;Kf7;48;0:07:45
304;4;white;b7;49;0:04:57
305;4;black;Rb6;50;0:07:41
306;4;white;b8=Q;51;0:04:50
307;4;black;Rxb8;52;0:07:39
308;4;white;Rxb8;53;0:04:49
309;4;black;Kf6;54;0:07:34
310;5;white;e4;1;0:10:00
311;5;black;e5;2;0:09:58
312;5;white;Nf3;3;0:09:59
313;5;black;Nc6;4;0:09:55
314;5;white;Bb5;5;0:09:50
315;5;black;Nf6;6;0:09:50
316;5;white;O-O;7;0:09:44
317;5;black;Nxe4;8;0:09:44
318;5;white;d3;9;0:09:21
319;5;black;Nf6;10;0:09:24
320;5;white;Bg5;11;0:09:10
321;5;black;d6;12;0:09:18
322;5;white;Nbd2;13;0:09:05
323;5;black;Bd7;14;0:09:12
324;5;white;Ne4;15;0:08:52
325;5;black;Be7;16;0:09:06
326;5;white;Nxf6+;17;0:08:36
327;5;black;Bxf6;18;0:09:03
328;5;white;Re1;19;0:08:33
329;5;black;Bxg5;20;0:08:57
330;5;white;h4;21;0:08:01
331;5;black;Bxh4;22;0:08:47
332;5;white;g3;23;0:07:48
333;5;black;Bg5;24;0:08:21
334;5;white;c3;25;0:07:42
335;5;black;a6;26;0:07:53
336;5;white;Bxc6;27;0:07:39
337;5;black;Bxc6;28;0:07:50
338;5;white;Nxg5;29;0:07:30
339;5;black;Qxg5;30;0:07:48
340;5;white;Re3;31;0:07:21
341;5;black;Qh6;32;0:07:34
342;5;white;f3;33;0:07:15
343;5;black;Qxe3+;34;0:07:32
344;6;white;d4;1;0:10:00
345;6;black;d5;2;0:09:53
346;6;white;Bf4;3;0:09:59
347;6;black;Bf5;4;0:09:37
348;6;white;e3;5;0:09:50
349;6;black;Nf6;6;0:09:26
350;6;white;Bd3;7;0:09:48
351;6;black;Bxd3;8;0:09:24
352;6;white;Qxd3;9;0:09:46
353;6;black;e6;10;0:09:21
354;6;white;Nc3;11;0:09:38
355;6;black;Nbd7;12;0:09:19
356;6;white;Nf3;13;0:09:32
357;6;black;a6;14;0:08:51
358;6;white;a4;15;0:09:30
359;6;black;c5;16;0:08:49
360;6;white;dxc5;17;0:09:25
361;6;black;Bxc5;18;0:08:48
362;6;white;b3;19;0:08:58
363;6;black;Bb4;20;0:08:36
364;6;white;O-O;21;0:08:47
365;6;black;Bxc3;22;0:08:01
366;6;white;Qxc3;23;0:08:45
367;6;black;d4;24;0:08:00
368;6;white;Qxd4;25;0:08:42
369;6;black;O-O;26;0:07:45
370;6;white;e4;27;0:08:24
371;6;black;Rc8;28;0:07:26
372;6;white;e5;29;0:08:22
373;6;black;Nd5;30;0:06:39
374;6;white;Bg5;31;0:08:12
375;6;black;Qc7;32;0:06:06
376;6;white;Rae1;33;0:07:50
377;6;black;h6;34;0:05:56
378;6;white;Bxh6;35;0:07:41
379;6;black;Qxc2;36;0:05:24
380;6;white;Qg4;37;0:07:15
381;6;black;Qh7;38;0:04:33
382;6;white;Ng5;39;0:07:09
383;6;black;Qxh6;40;0:04:27
384;6;white;h4;41;0:06:43
385;6;black;a5;42;0:04:02
386;6;white;Ne4;43;0:06:39
387;6;black;Nxe5;44;0:03:22
388;6;white;Qg3;45;0:06:23
389;6;black;f6;46;0:03:03
390;6;white;Nd6;47;0:06:20
391;6;black;Rc3;48;0:02:31
392;6;white;f3;49;0:06:03
393;6;black;Rxb3;50;0:02:17
394;6;white;Nf5;51;0:06:00
395;6;black;Qh7;52;0:01:41
396;6;white;Rb1;53;0:05:46
397;6;black;Rxb1;54;0:01:40
398;6;white;Rxb1;55;0:05:44
399;6;black;exf5;56;0:01:39
400;6;white;Rxb7;57;0:05:42
401;6;black;g5;58;0:01:36
402;6;white;hxg5;59;0:05:37
403;6;black;Qxb7;60;0:01:35
404;6;white;gxf6+;61;0:05:32
405;6;black;Kh8;62;0:01:29
406;6;white;Qh4+;63;0:05:26
407;6;black;Qh7;64;0:01:27
408;6;white;Qd4;65;0:05:18
409;6;black;Nxf3+;66;0:01:10
410;7;white;e4;1;0:10:00
411;7;black;c6;2;0:09:59
412;7;white;d4;3;0:09:58
413;7;black;d5;4;0:09:58
414;7;white;e5;5;0:09:56
415;7;black;Bf5;6;0:09:51
416;7;white;f4;7;0:09:46
417;7;black;e6;8;0:09:28
418;7;white;Nf3;9;0:09:44
419;7;black;c5;10;0:09:23
420;7;white;c3;11;0:09:34
421;7;black;Nd7;12;0:09:19
422;7;white;Bb5;13;0:09:15
423;7;black;Bxb1;14;0:08:57
424;7;white;Rxb1;15;0:09:06
425;7;black;Ne7;16;0:08:45
426;7;white;dxc5;17;0:08:58
427;7;black;Nc6;18;0:08:36
428;7;white;b4;19;0:08:45
429;7;black;Be7;20;0:08:19
430;7;white;O-O;21;0:08:33
431;7;black;Qc7;22;0:07:57
432;7;white;Nd4;23;0:08:04
433;7;black;a6;24;0:07:29
434;7;white;Bxc6;25;0:08:03
435;7;black;bxc6;26;0:07:25
436;7;white;Re1;27;0:07:23
437;7;black;Nf8;28;0:06:54
438;7;white;f5;29;0:07:06
439;7;black;a5;30;0:06:13
440;7;white;f6;31;0:06:37
441;7;black;gxf6;32;0:06:08
442;7;white;exf6;33;0:06:32
443;7;black;Bxf6;34;0:06:02
444;7;white;Nxe6;35;0:06:25
445;7;black;fxe6;36;0:05:59
446;7;white;Bh6;37;0:06:17
447;7;black;Qf7;38;0:04:45
448;7;white;Qa4;39;0:05:29
449;7;black;Qd7;40;0:04:11
450;7;white;Rf1;41;0:05:09
451;7;black;Bxc3;42;0:04:03
452;7;white;Rxf8+;43;0:04:59
453;7;black;Rxf8;44;0:04:00
454;7;white;Bxf8;45;0:04:52
455;7;black;Bd4+;46;0:03:41
456;7;white;Kh1;47;0:04:40
457;7;black;Kxf8;48;0:03:21
458;7;white;Rf1+;49;0:04:38
459;7;black;Ke7;50;0:03:20
460;7;white;Qd1;51;0:04:28
461;7;black;Bb2;52;0:03:10
462;7;white;Qc2;53;0:04:13
463;7;black;Be5;54;0:02:40
464;7;white;Qxh7+;55;0:04:11
465;7;black;Kd8;56;0:02:36
466;7;white;Qg8+;57;0:04:02
467;7;black;Qe8;58;0:02:35
468;7;white;Rf8;59;0:03:47
469;7;black;Ke7;60;0:02:27
470;7;white;Rxe8+;61;0:03:13
471;7;black;Rxe8;62;0:02:26
472;7;white;Qh7+;63;0:03:08
473;7;black;Kd8;64;0:02:21
474;7;white;Qh4+;65;0:02:58
475;7;black;Re7;66;0:02:18
476;7;white;Qg5;67;0:02:50
477;7;black;Bc7;68;0:02:13
478;7;white;bxa5;69;0:02:40
479;7;black;Bxa5;70;0:02:12
480;7;white;h4;71;0:02:33
481;7;black;d4;72;0:02:11
482;7;white;Qg4;73;0:02:00
483;7;black;d3;74;0:02:07
484;7;white;Qd4+;75;0:01:57
485;7;black;Rd7;76;0:02:06
486;7;white;Qh8+;77;0:01:49
487;7;black;Kc7;78;0:01:56
488;7;white;Qe5+;79;0:01:36
489;7;black;Kd8;80;0:01:55
490;7;white;Qxe6;81;0:01:32
491;7;black;d2;82;0:01:55
492;7;white;Qf6+;83;0:01:27
493;7;black;Re7;84;0:01:51
494;7;white;Qf8+;85;0:01:24
495;7;black;Re8;86;0:01:50
496;7;white;Qf6+;87;0:01:22
497;7;black;Re7;88;0:01:49
498;7;white;Qd6+;89;0:01:14
499;7;black;Rd7;90;0:01:46
500;7;white;Qf8+;91;0:00:51
501;7;black;Kc7;92;0:01:40
502;7;white;Qf4+;93;0:00:44
503;7;black;Kc8;94;0:01:32
504;7;white;Qf8+;95;0:00:42
505;7;black;Rd8;96;0:01:31
506;7;white;Qf4;97;0:00:41
507;7;black;d1=Q+;98;0:01:27
508;7;white;Kh2;99;0:00:35
509;7;black;Bc7;100;0:01:26
510;7;white;Qxc7+;101;0:00:25
511;7;black;Kxc7;102;0:01:24
512;8;white;e4;1;0:09:59
513;8;black;d6;2;0:09:58
514;8;white;Nf3;3;0:09:54
515;8;black;Nf6;4;0:09:56
516;8;white;e5;5;0:09:46
517;8;black;dxe5;6;0:09:54
518;8;white;Nxe5;7;0:09:45
519;8;black;g6;8;0:09:52
520;8;white;c4;9;0:09:29
521;8;black;Bg7;10;0:09:37
522;8;white;Nc3;11;0:09:28
523;8;black;O-O;12;0:09:27
524;8;white;d4;13;0:09:16
525;8;black;Nc6;14;0:09:25
526;8;white;Nxc6;15;0:09:10
527;8;black;bxc6;16;0:09:23
528;8;white;Be3;17;0:09:05
529;8;black;Rb8;18;0:09:11
530;8;white;Qd2;19;0:08:55
531;8;black;c5;20;0:09:05
532;8;white;Nb5;21;0:08:39
533;8;black;cxd4;22;0:08:59
534;8;white;Qxd4;23;0:08:14
535;8;black;Qxd4;24;0:08:55
536;8;white;Nxd4;25;0:08:09
537;8;black;Rxb2;26;0:08:48
538;8;white;h3;27;0:07:47
539;8;black;Bb7;28;0:08:19
540;8;white;f3;29;0:07:00
541;8;black;Nh5;30;0:07:53
542;8;white;Ne2;31;0:06:49
543;8;black;Rxe2+;32;0:07:34
544;8;white;Bxe2;33;0:06:20
545;8;black;Bxa1;34;0:07:30
546;8;white;Rh2;35;0:05:45
547;8;black;Be5;36;0:07:19
548;8;white;Rh1;37;0:05:28
549;8;black;Ng3;38;0:07:17
550;8;white;Rg1;39;0:05:25
551;8;black;Nxe2;40;0:07:12
552;8;white;Kxe2;41;0:05:25
553;8;black;f5;42;0:07:07
554;8;white;Rd1;43;0:05:23
555;8;black;Ba6;44;0:07:00
556;8;white;Kf2;45;0:05:11
557;8;black;Bxc4;46;0:06:50
558;8;white;Bxa7;47;0:05:08
559;8;black;Bxa2;48;0:06:47
560;8;white;Rd7;49;0:04:59
561;8;black;Ra8;50;0:06:09
562;8;white;Be3;51;0:04:49
563;8;black;e6;52;0:06:04
564;8;white;g3;53;0:04:43
565;8;black;Bc4;54;0:05:42
566;8;white;Rd1;55;0:04:22
567;8;black;Ra2+;56;0:05:36
568;8;white;Bd2;57;0:04:20
569;8;black;Bc3;58;0:05:19
570;8;white;Ke3;59;0:04:11
571;8;black;Bxd2+;60;0:04:44
572;8;white;Rxd2;61;0:04:08
573;8;black;Rxd2;62;0:04:35
574;8;white;Kxd2;63;0:04:08
575;8;black;e5;64;0:04:32
576;8;white;Kc3;65;0:04:02
577;8;black;Be2;66;0:04:28
578;8;white;f4;67;0:03:58
579;8;black;exf4;68;0:04:25
580;8;white;gxf4;69;0:03:58
581;8;black;h5;70;0:04:21
582;8;white;h4;71;0:03:57
583;8;black;Kf7;72;0:04:20
584;8;white;Kd4;73;0:03:56
585;8;black;Ke6;74;0:04:19
586;8;white;Kc5;75;0:03:54
587;8;black;c6;76;0:04:08
588;8;white;Kxc6;77;0:03:53
589;8;black;Bf3+;78;0:04:03
590;8;white;Kc5;79;0:03:51
591;8;black;Kf6;80;0:04:00
592;8;white;Kd4;81;0:03:48
593;8;black;g5;82;0:03:58
594;8;white;hxg5+;83;0:03:47
595;8;black;Kg6;84;0:03:56
596;8;white;Ke3;85;0:03:45
597;8;black;Bg4;86;0:03:55
598;8;white;Kf2;87;0:03:39
599;8;black;h4;88;0:03:54
600;8;white;Kg2;89;0:03:37
601;8;black;h3+;90;0:03:52
602;8;white;Kh2;91;0:03:35
603;8;black;Kh5;92;0:03:49
604;8;white;Kg3;93;0:03:34
605;8;black;Kg6;94;0:03:46
606;8;white;Kh2;95;0:03:32
607;8;black;Kf7;96;0:03:44
608;8;white;Kg3;97;0:03:29
609;8;black;Ke6;98;0:03:43
610;8;white;Kh2;99;0:03:26
611;8;black;Kd5;100;0:03:43
612;8;white;Kg3;101;0:03:24
613;8;black;Ke4;102;0:03:42
614;8;white;g6;103;0:03:23
615;8;black;Bh5;104;0:03:24
616;8;white;g7;105;0:02:50
617;8;black;Bf7;106;0:03:23
618;8;white;Kxh3;107;0:02:49
619;8;black;Kxf4;108;0:03:22
620;8;white;Kg2;109;0:02:48
621;8;black;Kg5;110;0:03:19
622;8;white;Kg3;111;0:02:46
623;8;black;Kg6;112;0:03:13
624;8;white;Kf4;113;0:02:39
625;8;black;Kf6;114;0:03:11
626;8;white;Kf3;115;0:02:20
627;8;black;Kxg7;116;0:03:10
628;8;white;Kf4;117;0:02:19
629;8;black;Kf6;118;0:03:09
630;8;white;Kf3;119;0:02:18
631;8;black;Ke5;120;0:03:06
632;8;white;Kf2;121;0:02:15
633;8;black;Ke4;122;0:03:05
634;8;white;Ke2;123;0:02:10
635;8;black;f4;124;0:03:02
636;8;white;Kf2;125;0:02:09
637;8;black;Bh5;126;0:02:59
638;8;white;Kf1;127;0:02:04
639;8;black;Ke3;128;0:02:58
640;8;white;Ke1;129;0:02:01
641;8;black;Bg4;130;0:02:51
642;8;white;Kf1;131;0:01:54
643;8;black;Bh3+;132;0:02:48
644;8;white;Kg1;133;0:01:38
645;8;black;Ke2;134;0:02:45
646;8;white;Kh2;135;0:01:35
647;8;black;f3;136;0:02:44
648;8;white;Kxh3;137;0:01:32
649;8;black;f2;138;0:02:43
650;8;white;Kg3;139;0:01:32
651;8;black;f1=Q;140;0:02:41
652;8;white;Kg4;141;0:01:30
653;8;black;Ke3;142;0:02:37
654;8;white;Kg5;143;0:01:29
655;8;black;Qb5+;144;0:02:34
656;8;white;Kg6;145;0:01:29
657;8;black;Ke4;146;0:02:33
658;8;white;Kf6;147;0:01:28
659;8;black;Kf4;148;0:02:30
660;8;white;Ke6;149;0:01:27
661;8;black;Ke4;150;0:02:28
662;8;white;Kd6;151;0:01:27
663;8;black;Kd4;152;0:02:27
664;8;white;Ke6;153;0:01:26
665;8;black;Qh5;154;0:02:26
666;8;white;Kf6;155;0:01:26
667;8;black;Ke4;156;0:02:25
668;8;white;Ke6;157;0:01:22
669;8;black;Qh6+;158;0:02:23
670;8;white;Kd7;159;0:01:21
671;8;black;Kd5;160;0:02:21
672;8;white;Kc7;161;0:01:14
673;8;black;Qa6;162;0:02:16
674;8;white;Kd7;163;0:01:12
675;8;black;Qa7+;164;0:02:15
676;8;white;Ke8;165;0:01:12
677;8;black;Kd6;166;0:02:14
678;8;white;Kf8;167;0:01:10
679;8;black;Ke6;168;0:02:13
680;8;white;Kg8;169;0:01:06
681;8;black;Kf6;170;0:02:11
682;8;white;Kf8;171;0:01:02
683;8;black;Qa8#;172;0:02:10
684;9;white;e4;1;0:09:56
685;9;black;e5;2;0:09:58
686;9;white;Nc3;3;0:09:45
687;9;black;Nf6;4;0:09:50
688;9;white;Bc4;5;0:09:26
689;9;black;d6;6;0:09:40
690;9;white;d3;7;0:09:04
691;9;black;Nc6;8;0:09:36
692;9;white;Nf3;9;0:08:36
693;9;black;Bg4;10;0:09:32
694;9;white;Be3;11;0:08:04
695;9;black;Be7;12;0:09:23
696;9;white;Qd2;13;0:07:50
697;9;black;Qd7;14;0:09:08
698;9;white;d4;15;0:07:36
699;9;black;exd4;16;0:09:05
700;9;white;Bxd4;17;0:07:30
701;9;black;Nxd4;18;0:08:58
702;9;white;Nxd4;19;0:07:29
703;9;black;Bh5;20;0:08:49
704;9;white;Nde2;21;0:07:26
705;9;black;O-O-O;22;0:08:45
706;9;white;O-O;23;0:07:15
707;9;black;Ng4;24;0:08:30
708;9;white;Nd5;25;0:06:46
709;9;black;Kb8;26;0:08:19
710;9;white;Nxe7;27;0:06:39
711;9;black;Qxe7;28;0:08:17
712;9;white;Bd5;29;0:06:28
713;9;black;f5;30;0:08:06
714;9;white;Qb4;31;0:06:05
715;9;black;b6;32;0:07:54
716;9;white;Nf4;33;0:05:29
717;9;black;fxe4;34;0:07:16
718;9;white;Nxh5;35;0:05:23
719;9;black;Qh4;36;0:07:13
720;9;white;h3;37;0:05:11
721;9;black;Qxh5;38;0:07:02
722;9;white;Qxe4;39;0:04:56
723;9;black;Nf6;40;0:06:47
724;9;white;Qc4;41;0:02:37
725;9;black;Nxd5;42;0:06:42
726;9;white;Rfe1;43;0:02:29
727;9;black;Rde8;44;0:06:32
728;9;white;Re2;45;0:02:25
729;9;black;Rxe2;46;0:06:28
730;9;white;Qxe2;47;0:02:24
731;9;black;Qxe2;48;0:06:26
732;9;white;Kh2;49;0:02:20
733;10;white;c4;1;0:09:59
734;10;black;d5;2;0:09:46
735;10;white;c5;3;0:09:37
736;10;black;e5;4;0:09:39
737;10;white;g3;5;0:09:23
738;10;black;Bxc5;6;0:09:23
739;10;white;Bg2;7;0:09:21
740;10;black;Nf6;8;0:09:22
741;10;white;e3;9;0:09:17
742;10;black;Nc6;10;0:08:55
743;10;white;Ne2;11;0:09:08
744;10;black;e4;12;0:08:49
745;10;white;d3;13;0:08:48
746;10;black;Bg4;14;0:08:33
747;10;white;d4;15;0:08:30
748;10;black;Bd6;16;0:07:55
749;10;white;O-O;17;0:08:16
750;10;black;Bf3;18;0:07:38
751;10;white;Nbc3;19;0:08:04
752;10;black;Qd7;20;0:06:47
753;10;white;a3;21;0:07:56
754;10;black;Qe6;22;0:05:27
755;10;white;b4;23;0:07:29
756;10;black;a6;24;0:05:06
757;10;white;Bxf3;25;0:06:56
758;10;black;exf3;26;0:05:01
759;10;white;Nf4;27;0:06:49
760;10;black;Bxf4;28;0:04:59
761;10;white;exf4;29;0:06:38
762;10;black;Qh3;30;0:04:57
763;10;white;Qxf3;31;0:06:09
764;10;black;Nxd4;32;0:04:56
765;10;white;Qe3+;33;0:05:51
766;10;black;Kd7;34;0:04:40
767;10;white;Qxd4;35;0:05:48
768;10;black;c6;36;0:04:29
769;10;white;Bb2;37;0:05:08
770;10;black;Ng4;38;0:04:27
771;10;white;Rfe1;39;0:03:27
772;10;black;Qxh2+;40;0:03:55
773;10;white;Kf1;41;0:03:15
774;10;black;Rhe8;42;0:03:49
775;10;white;Rxe8;43;0:03:02
776;10;black;Rxe8;44;0:03:46
777;10;white;Re1;45;0:02:52
778;10;black;Qh1#;46;0:03:36
779;11;white;e4;1;0:10:00
780;11;black;c6;2;0:09:59
781;11;white;Nf3;3;0:09:56
782;11;black;d5;4;0:09:58
783;11;white;exd5;5;0:09:54
784;11;black;cxd5;6;0:09:55
785;11;white;Nc3;7;0:09:53
786;11;black;Nc6;8;0:09:50
787;11;white;d4;9;0:09:49
788;11;black;Qb6;10;0:09:43
789;11;white;Nxd5;11;0:09:42
790;11;black;Qa5+;12;0:09:36
791;11;white;Bd2;13;0:09:39
792;11;black;Qxd5;14;0:09:35
793;11;white;c4;15;0:09:32
794;11;black;Qe4+;16;0:09:24
795;11;white;Be2;17;0:09:29
796;11;black;Nxd4;18;0:09:21
797;11;white;Nxd4;19;0:09:24
798;11;black;Qxg2;20;0:09:12
799;11;white;Rf1;21;0:09:14
800;11;black;Qxh2;22;0:08:57
801;11;white;Qa4+;23;0:09:12
802;11;black;Bd7;24;0:08:48
803;11;white;Qb4;25;0:09:09
804;11;black;Bc6;26;0:08:24
805;11;white;Nxc6;27;0:09:02
806;11;black;bxc6;28;0:08:22
807;11;white;Bf3;29;0:08:51
808;11;black;Qe5+;30;0:08:17
809;11;white;Be3;31;0:08:45
810;11;black;e6;32;0:08:16
811;11;white;Bxc6+;33;0:08:41
812;11;black;Kd8;34;0:08:14
813;11;white;Bxa8;35;0:08:39
814;11;black;Bxb4+;36;0:08:13
815;11;white;Ke2;37;0:08:19
816;11;black;Qxb2+;38;0:08:11
817;11;white;Bd2;39;0:08:14
818;11;black;Qxd2+;40;0:08:06
819;11;white;Kf3;41;0:08:13
820;11;black;Nf6;42;0:07:58
821;11;white;Rfd1;43;0:08:11
822;11;black;Qxd1+;44;0:07:57
823;11;white;Rxd1+;45;0:08:10
824;11;black;Ke7;46;0:07:53
825;11;white;Bb7;47;0:07:57
826;11;black;h5;48;0:07:15
827;11;white;a4;49;0:07:52
828;11;black;g5;50;0:07:00
829;11;white;Rb1;51;0:07:50
830;11;black;Bd2;52;0:06:52
831;11;white;c5;53;0:07:47
832;11;black;h4;54;0:06:42
833;11;white;c6;55;0:07:46
834;11;black;Ba5;56;0:06:37
835;11;white;Rc1;57;0:07:38
836;11;black;Bc7;58;0:06:34
837;11;white;a5;59;0:07:35
838;11;black;e5;60;0:06:32
839;11;white;a6;61;0:07:34
840;11;black;g4+;62;0:06:31
841;11;white;Kg2;63;0:07:28
842;11;black;Ke6;64;0:06:30
843;11;white;Bc8+;65;0:07:15
844;11;black;Rxc8;66;0:06:27
845;11;white;f3;67;0:07:11
846;11;black;gxf3+;68;0:06:21
847;11;white;Kxf3;69;0:07:10
848;11;black;Rg8;70;0:06:21
849;11;white;Rh1;71;0:07:09
850;11;black;Rg4;72;0:06:16
851;11;white;Rc1;73;0:06:49
852;11;black;e4+;74;0:06:14
853;12;white;e4;1;0:10:00
854;12;black;e5;2;0:09:59
855;12;white;Nf3;3;0:09:49
856;12;black;Nc6;4;0:09:58
857;12;white;Bc4;5;0:09:49
858;12;black;Bc5;6;0:09:55
859;12;white;O-O;7;0:09:45
860;12;black;Nf6;8;0:09:53
861;12;white;d3;9;0:09:42
862;12;black;O-O;10;0:09:51
863;12;white;Re1;11;0:09:29
864;12;black;d6;12;0:09:49
865;12;white;Be3;13;0:09:28
866;12;black;Bxe3;14;0:09:46
867;12;white;Rxe3;15;0:09:21
868;12;black;Ng4;16;0:09:32
869;12;white;Re2;17;0:09:10
870;12;black;Nd4;18;0:09:26
871;12;white;Nxd4;19;0:09:06
872;12;black;exd4;20;0:09:25
873;12;white;h3;21;0:09:04
874;12;black;Ne5;22;0:09:19
875;12;white;Nd2;23;0:08:33
876;12;black;Nxc4;24;0:09:16
877;12;white;Nxc4;25;0:08:32
878;12;black;Qg5;26;0:09:13
879;12;white;Qd2;27;0:08:22
880;12;black;Qg6;28;0:09:09
881;12;white;Rae1;29;0:08:19
882;12;black;Bxh3;30;0:09:07
883;12;white;f4;31;0:08:17
884;12;black;b5;32;0:08:47
885;12;white;Na5;33;0:08:06
886;12;black;Bg4;34;0:08:29
887;12;white;f5;35;0:07:49
888;12;black;Qh5;36;0:08:16
889;12;white;Rf2;37;0:07:28
890;12;black;Qh4;38;0:07:54
891;12;white;c4;39;0:06:59
892;12;black;dxc3;40;0:07:47
893;12;white;Qxc3;41;0:06:51
894;12;black;Qg3;42;0:07:36
895;12;white;Qxc7;43;0:06:17
896;12;black;Qxd3;44;0:07:29
897;12;white;Qc6;45;0:04:22
898;13;white;e4;1;0:09:55
899;13;black;c6;2;0:09:57
900;13;white;d4;3;0:09:53
901;13;black;d5;4;0:09:56
902;13;white;e5;5;0:09:52
903;13;black;Bf5;6;0:09:52
904;13;white;Bd3;7;0:09:47
905;13;black;Bxd3;8;0:09:49
906;13;white;Qxd3;9;0:09:46
907;13;black;Nd7;10;0:09:48
908;13;white;Nf3;11;0:09:44
909;13;black;e6;12;0:09:42
910;13;white;Bg5;13;0:09:41
911;13;black;Qc7;14;0:09:41
912;13;white;O-O;15;0:09:37
913;13;black;Be7;16;0:09:40
914;13;white;Qe3;17;0:09:30
915;13;black;Bxg5;18;0:09:31
916;13;white;Nxg5;19;0:09:28
917;13;black;Nb6;20;0:09:21
918;13;white;Qf4;21;0:09:24
919;13;black;Nc4;22;0:09:15
920;13;white;Nd2;23;0:09:00
921;13;black;Nxb2;24;0:08:54
922;13;white;Rab1;25;0:08:58
923;13;black;Nc4;26;0:08:31
924;13;white;Nxc4;27;0:08:55
925;13;black;dxc4;28;0:08:30
926;13;white;c3;29;0:08:53
927;13;black;f6;30;0:08:17
928;13;white;exf6;31;0:08:48
929;13;black;Qxf4;32;0:08:14
930;13;white;Nxe6;33;0:08:44
931;13;black;Nxf6;34;0:07:45
932;13;white;Nxf4;35;0:08:42
933;13;black;O-O-O;36;0:07:32
934;13;white;a4;37;0:08:36
935;13;black;Rhe8;38;0:07:30
936;13;white;Rb4;39;0:08:32
937;13;black;Nd5;40;0:07:09
938;13;white;Nxd5;41;0:08:26
939;13;black;cxd5;42;0:07:06
940;13;white;Rfb1;43;0:08:22
941;13;black;Re7;44;0:07:02
942;13;white;Rb5;45;0:08:20
943;13;black;Rde8;46;0:06:59
944;13;white;Rc5+;47;0:08:16
945;13;black;Kb8;48;0:06:17
946;13;white;g3;49;0:08:09
947;13;black;Re2;50;0:05:53
948;13;white;Kf1;51;0:08:00
949;13;black;Rc2;52;0:05:27
950;13;white;Rcb5;53;0:07:43
951;13;black;Rxc3;54;0:05:24
952;13;white;Rxb7+;55;0:07:41
953;13;black;Ka8;56;0:05:22
954;13;white;Rxg7;57;0:07:32
955;13;black;Ra3;58;0:05:04
956;13;white;Rb4;59;0:07:29
957;13;black;a5;60;0:05:01
958;13;white;Rb5;61;0:07:18
959;13;black;Rxa4;62;0:04:38
960;13;white;Rbb7;63;0:07:12
961;13;black;Rb4;64;0:04:30
962;13;white;Ra7+;65;0:07:10
963;13;black;Kb8;66;0:04:29
964;13;white;Rxa5;67;0:07:05
965;13;black;c3;68;0:04:28
966;13;white;Rxd5;69;0:07:02
967;13;black;c2;70;0:04:27
968;13;white;Rc5;71;0:07:01
969;13;black;Rb1+;72;0:04:24
970;13;white;Kg2;73;0:06:57
971;13;black;c1=Q;74;0:04:23
972;13;white;Ra5;75;0:06:44
973;13;black;Ra1;76;0:03:13
974;13;white;Rb5+;77;0:06:41
975;13;black;Ka8;78;0:03:08
976;13;white;d5;79;0:06:35
977;13;black;Qc4;80;0:02:56
978;13;white;Rgb7;81;0:06:08
979;13;black;Qe4+;82;0:02:45
980;13;white;Kh3;83;0:06:02
981;13;black;h5;84;0:02:32
982;13;white;d6;85;0:05:58
983;13;black;Qg4+;86;0:02:29
984;13;white;Kg2;87;0:05:54
985;13;black;Qe4+;88;0:02:18
986;13;white;Kh3;89;0:05:51
987;13;black;Qxb7;90;0:02:14
988;13;white;Rc5;91;0:05:37
989;13;black;Qd7+;92;0:02:04
990;13;white;Kg2;93;0:05:24
991;13;black;Ree1;94;0:02:02
992;13;white;Rd5;95;0:04:51
993;13;black;Qb7;96;0:01:47
994;14;white;e4;1;0:09:59
995;14;black;c6;2;0:09:57
996;14;white;Bc4;3;0:09:54
997;14;black;d5;4;0:09:54
998;14;white;Bb3;5;0:09:51
999;14;black;e5;6;0:09:48
1000;14;white;d3;7;0:09:41
1001;14;black;dxe4;8;0:09:31
1002;14;white;Qh5;9;0:09:23
1003;14;black;g6;10;0:08:50
1004;14;white;Qxe5+;11;0:09:21
1005;14;black;Qe7;12;0:08:28
1006;14;white;Qxh8;13;0:08:54
1007;14;black;exd3+;14;0:08:04
1008;14;white;Be3;15;0:08:52
1009;14;black;dxc2;16;0:07:29
1010;14;white;Bxc2;17;0:08:48
1011;14;black;Nf6;18;0:06:18
1012;14;white;Nf3;19;0:08:34
1013;14;black;Qb4+;20;0:06:08
1014;14;white;Nbd2;21;0:08:16
1015;14;black;Qxb2;22;0:06:02
1016;14;white;O-O;23;0:08:10
1017;14;black;Nbd7;24;0:05:29
1018;14;white;Bd4;25;0:07:38
1019;14;black;Qxc2;26;0:04:35
1020;14;white;Bxf6;27;0:07:33
1021;14;black;Nxf6;28;0:04:32
1022;14;white;Qxf6;29;0:07:30
1023;14;black;Be6;30;0:04:13
1024;14;white;Rfc1;31;0:06:57
1025;14;black;Qf5;32;0:03:20
1026;14;white;Qb2;33;0:06:28
1027;14;black;O-O-O;34;0:03:04
1028;14;white;Rab1;35;0:05:46
1029;14;black;Rd7;36;0:02:39
1030;14;white;Nd4;37;0:05:00
1031;14;black;Rxd4;38;0:02:34
1032;14;white;Qxd4;39;0:04:54
1033;14;black;Bd7;40;0:02:15
1034;14;white;g4;41;0:04:45
1035;14;black;Qe6;42;0:01:51
1036;14;white;f3;43;0:04:32
1037;14;black;Bh6;44;0:01:48
1038;14;white;Qxa7;45;0:04:27
1039;14;black;Be3+;46;0:01:46
1040;14;white;Kg2;47;0:04:21
1041;14;black;Bxa7;48;0:01:44
1042;15;white;e4;1;0:09:55
1043;15;black;c5;2;0:09:57
1044;15;white;Nf3;3;0:09:52
1045;15;black;d6;4;0:09:55
1046;15;white;Bc4;5;0:09:50
1047;15;black;Nd7;6;0:09:54
1048;15;white;d4;7;0:09:32
1049;15;black;Ngf6;8;0:09:43
1050;15;white;Ng5;9;0:09:11
1051;15;black;e6;10;0:09:25
1052;15;white;f4;11;0:07:48
1053;15;black;h6;12;0:09:11
1054;15;white;Nxf7;13;0:07:30
1055;15;black;Kxf7;14;0:09:08
1056;15;white;e5;15;0:07:28
1057;15;black;Ne4;16;0:08:55
1058;15;white;d5;17;0:06:53
1059;15;black;Qh4+;18;0:08:49
1060;15;white;g3;19;0:06:47
1061;15;black;Qh3;20;0:08:30
1062;15;white;dxe6+;21;0:06:41
1063;15;black;Ke7;22;0:08:16
1064;15;white;exd7;23;0:06:36
1065;15;black;Qg2;24;0:08:07
1066;15;white;dxc8=Q;25;0:06:25
1067;15;black;Qf2#;26;0:08:06
1068;16;white;e4;1;0:10:00
1069;16;black;e5;2;0:09:59
1070;16;white;Nf3;3;0:09:59
1071;16;black;Nc6;4;0:09:57
1072;16;white;Bc4;5;0:09:58
1073;16;black;Bc5;6;0:09:53
1074;16;white;O-O;7;0:09:51
1075;16;black;Nf6;8;0:09:49
1076;16;white;d3;9;0:09:50
1077;16;black;O-O;10;0:09:48
1078;16;white;Re1;11;0:09:46
1079;16;black;d6;12;0:09:45
1080;16;white;Be3;13;0:09:44
1081;16;black;Bxe3;14;0:09:39
1082;16;white;Rxe3;15;0:09:41
1083;16;black;Bg4;16;0:09:36
1084;16;white;Nbd2;17;0:09:29
1085;16;black;Qd7;18;0:09:26
1086;16;white;Qe1;19;0:09:11
1087;16;black;h6;20;0:09:19
1088;16;white;c3;21;0:09:11
1089;16;black;Rfe8;22;0:09:01
1090;16;white;h3;23;0:08:48
1091;16;black;Be6;24;0:08:58
1092;16;white;Bxe6;25;0:08:34
1093;16;black;Qxe6;26;0:08:51
1094;16;white;d4;27;0:08:17
1095;16;black;exd4;28;0:08:45
1096;16;white;Nxd4;29;0:08:09
1097;16;black;Nxd4;30;0:08:41
1098;16;white;cxd4;31;0:08:09
1099;16;black;b6;32;0:08:32
1100;16;white;a4;33;0:07:24
1101;16;black;c5;34;0:08:26
1102;16;white;e5;35;0:07:09
1103;16;black;Nd5;36;0:08:20
1104;16;white;Re4;37;0:06:41
1105;16;black;f5;38;0:07:48
1106;16;white;Re3;39;0:05:29
1107;16;black;Nxe3;40;0:07:42
1108;16;white;Qxe3;41;0:05:29
1109;16;black;cxd4;42;0:07:13
1110;16;white;Qxd4;43;0:05:20
1111;16;black;Rad8;44;0:07:06
1112;16;white;Re1;45;0:05:10
1113;16;black;dxe5;46;0:06:39
1114;16;white;Rxe5;47;0:04:28
1115;16;black;Rxd4;48;0:06:31
1116;16;white;Rxe6;49;0:04:19
1117;16;black;Rxe6;50;0:06:29
1118;16;white;Nf3;51;0:04:15
1119;16;black;Rd1+;52;0:06:26
1120;16;white;Kh2;53;0:04:14
1121;16;black;g5;54;0:06:20
1122;16;white;g3;55;0:03:32
1123;16;black;Re2;56;0:05:51
1124;16;white;Kg2;57;0:03:18
1125;16;black;Rxb2;58;0:05:38
1126;16;white;Ne5;59;0:02:58
1127;16;black;Rdd2;60;0:05:26
1128;16;white;Nd3;61;0:02:55
1129;17;white;e4;1;0:09:59
1130;17;black;e5;2;0:09:57
1131;17;white;Nf3;3;0:09:59
1132;17;black;Nc6;4;0:09:56
1133;17;white;Bc4;5;0:09:58
1134;17;black;Nf6;6;0:09:55
1135;17;white;d3;7;0:09:53
1136;17;black;Bc5;8;0:09:51
1137;17;white;O-O;9;0:09:51
1138;17;black;O-O;10;0:09:48
1139;17;white;Re1;11;0:09:48
1140;17;black;d6;12;0:09:46
1141;17;white;Be3;13;0:09:47
1142;17;black;Bxe3;14;0:09:41
1143;17;white;Rxe3;15;0:09:47
1144;17;black;Qe8;16;0:09:39
1145;17;white;h3;17;0:09:44
1146;17;black;Be6;18;0:09:36
1147;17;white;Na3;19;0:09:39
1148;17;black;h6;20;0:09:12
1149;17;white;Bxe6;21;0:09:31
1150;17;black;Qxe6;22;0:09:10
1151;17;white;Qd2;23;0:09:21
1152;17;black;g5;24;0:09:08
1153;17;white;Rae1;25;0:09:19
1154;17;black;d5;26;0:08:59
1155;17;white;exd5;27;0:09:07
1156;17;black;Qxd5;28;0:08:57
1157;17;white;c4;29;0:08:48
1158;17;black;Qe6;30;0:08:45
1159;17;white;Nxe5;31;0:08:42
1160;17;black;Nxe5;32;0:08:37
1161;17;white;Rxe5;33;0:08:26
1162;17;black;Qb6;34;0:08:32
1163;17;white;h4;35;0:08:06
1164;17;black;Nd7;36;0:08:29
1165;17;white;c5;37;0:07:46
1166;17;black;Qc6;38;0:08:19
1167;17;white;hxg5;39;0:07:08
1168;17;black;h5;40;0:08:15
1169;17;white;Rf5;41;0:06:48
1170;17;black;h4;42;0:07:46
1171;17;white;Re3;43;0:06:07
1172;17;black;Qg6;44;0:07:44
1173;17;white;g4;45;0:05:47
1174;17;black;hxg3;46;0:07:40
1175;17;white;Rxg3;47;0:05:44
1176;17;black;Qxf5;48;0:07:26
1177;17;white;Nc4;49;0:05:38
1178;17;black;Kg7;50;0:07:05
1179;17;white;Qc3+;51;0:05:33
1180;17;black;Kg6;52;0:06:58
1181;17;white;b4;53;0:05:05
1182;17;black;Rae8;54;0:06:51
1183;17;white;Kg2;55;0:04:52
1184;17;black;Rh8;56;0:06:49
1185;17;white;d4;57;0:04:40
1186;17;black;Qd5+;58;0:06:46
1187;17;white;Rf3;59;0:04:31
1188;17;black;Qxg5+;60;0:06:38
1189;17;white;Rg3;61;0:04:29
1190;17;black;Rh2+;62;0:06:21
1191;17;white;Kxh2;63;0:04:27
1192;17;black;Rh8+;64;0:05:58
1193;17;white;Kg2;65;0:04:24
1194;17;black;Qxg3+;66;0:05:50
1195;17;white;Qxg3+;67;0:04:20
1196;17;black;Kf6;68;0:05:42
1197;17;white;Qxc7;69;0:04:12
1198;17;black;Ke7;70;0:05:38
1199;17;white;Qxb7;71;0:04:09
1200;17;black;Rg8+;72;0:05:37
1201;17;white;Kf3;73;0:04:04
1202;17;black;Rb8;74;0:05:29
1203;17;white;Qe4+;75;0:03:45
1204;17;black;Kd8;76;0:05:22
1205;17;white;Qh4+;77;0:03:32
1206;17;black;Kc8;78;0:05:17
1207;17;white;a3;79;0:03:26
1208;17;black;f6;80;0:05:10
1209;17;white;c6;81;0:03:14
1210;17;black;Nf8;82;0:05:01
1211;17;white;Qh8;83;0:03:05
1212;17;black;Kc7;84;0:04:58
1213;17;white;Qxf6;85;0:02:50
1214;17;black;Nh7;86;0:04:50
1215;17;white;Qg7+;87;0:02:45
1216;17;black;Kxc6;88;0:04:46
1217;17;white;Qxh7;89;0:02:44
1218;17;black;Rf8+;90;0:04:44
1219;17;white;Ke3;91;0:02:38
1220;17;black;Re8+;92;0:04:42
1221;17;white;Ne5+;93;0:02:37
1222;17;black;Kd5;94;0:04:39
1223;17;white;Qd7#;95;0:02:34
1224;18;white;e4;1;0:10:00
1225;18;black;c6;2;0:09:59
1226;18;white;d4;3;0:09:50
1227;18;black;d5;4;0:09:56
1228;18;white;e5;5;0:09:40
1229;18;black;Bf5;6;0:09:13
1230;18;white;Nf3;7;0:09:27
1231;18;black;e6;8;0:09:05
1232;18;white;c3;9;0:09:13
1233;18;black;Ne7;10;0:09:03
1234;18;white;Nbd2;11;0:09:09
1235;18;black;Qc7;12;0:08:44
1236;18;white;Be2;13;0:09:02
1237;18;black;a6;14;0:08:41
1238;18;white;O-O;15;0:09:01
1239;18;black;c5;16;0:08:40
1240;18;white;Nb3;17;0:08:53
1241;18;black;Nec6;18;0:08:37
1242;18;white;Nxc5;19;0:08:42
1243;18;black;Bxc5;20;0:08:35
1244;18;white;dxc5;21;0:08:30
1245;18;black;Nd7;22;0:08:34
1246;18;white;Be3;23;0:08:13
1247;18;black;O-O;24;0:07:59
1248;18;white;b4;25;0:07:43
1249;18;black;b6;26;0:07:46
1250;18;white;cxb6;27;0:07:33
1251;18;black;Nxb6;28;0:07:43
1252;18;white;Bxb6;29;0:07:22
1253;18;black;Qxb6;30;0:07:40
1254;18;white;a3;31;0:07:19
1255;18;black;a5;32;0:07:21
1256;18;white;Rb1;33;0:05:57
1257;18;black;Rfc8;34;0:06:56
1258;18;white;bxa5;35;0:05:47
1259;18;black;Qxa5;36;0:06:51
1260;18;white;Bb5;37;0:05:32
1261;18;black;Bxb1;38;0:06:35
1262;18;white;Qxb1;39;0:05:16
1263;18;black;Qxc3;40;0:06:33
1264;18;white;Ng5;41;0:05:05
1265;18;black;Nd4;42;0:06:25
1266;18;white;Bd7;43;0:04:55
1267;18;black;Ne2+;44;0:06:03
1268;18;white;Kh1;45;0:04:52
1269;18;black;f5;46;0:05:32
1270;18;white;Bxe6+;47;0:04:45
1271;18;black;Kh8;48;0:05:19
1272;18;white;Bxc8;49;0:04:32
1273;18;black;Rxc8;50;0:04:56
1274;18;white;Nf7+;51;0:03:59
1275;18;black;Kg8;52;0:04:48
1276;18;white;Nd6;53;0:03:57
1277;18;black;Qc2;54;0:04:20
1278;18;white;Nxc8;55;0:03:38
1279;18;black;Qxc8;56;0:04:06
1280;18;white;Re1;57;0:03:26
1281;18;black;Nc3;58;0:03:52
1282;18;white;Qc1;59;0:03:24
1283;18;black;d4;60;0:03:44
1284;18;white;e6;61;0:03:22
1285;18;black;Kf8;62;0:03:39
1286;18;white;e7+;63;0:03:21
1287;18;black;Ke8;64;0:03:39
1288;18;white;h3;65;0:03:15
1289;18;black;Qa8;66;0:03:36
1290;18;white;Qd2;67;0:02:52
1291;18;black;Qa4;68;0:03:23
1292;18;white;Qb2;69;0:02:15
1293;18;black;Qa7;70;0:03:12
1294;18;white;Qb4;71;0:02:02
1295;18;black;Nd5;72;0:02:59
1296;18;white;Qb5+;73;0:01:49
1297;18;black;Qd7;74;0:02:46
1298;18;white;Qxd7+;75;0:01:45
1299;18;black;Kxd7;76;0:02:46
1300;18;white;e8=Q+;77;0:01:43
1301;18;black;Kc7;78;0:02:43
1302;18;white;Qe7+;79;0:01:42
1303;18;black;Nxe7;80;0:02:42
1304;18;white;Rxe7+;81;0:01:41
1305;18;black;Kd6;82;0:02:41
1306;18;white;Rxg7;83;0:01:39
1307;18;black;Kd5;84;0:02:41
1308;18;white;Rxh7;85;0:01:39
1309;18;black;d3;86;0:02:40
1310;18;white;Rd7+;87;0:01:38
1311;18;black;Kc4;88;0:02:39
1312;18;white;Rxd3;89;0:01:35
1313;18;black;Kxd3;90;0:02:38
1314;18;white;a4;91;0:01:34
1315;18;black;Kc4;92;0:02:38
1316;18;white;a5;93;0:01:33
1317;18;black;Kb5;94;0:02:37
1318;18;white;h4;95;0:01:31
1319;18;black;Kxa5;96;0:02:36
1320;18;white;h5;97;0:01:31
1321;18;black;Kb6;98;0:02:36
1322;18;white;h6;99;0:01:30
1323;18;black;Kc7;100;0:02:36
1324;18;white;h7;101;0:01:30
1325;18;black;Kd8;102;0:02:36
1326;18;white;h8=Q+;103;0:01:29
1327;18;black;Ke7;104;0:02:35
1328;18;white;Qh7+;105;0:01:27
1329;18;black;Kf6;106;0:02:35
1330;18;white;Qh6+;107;0:01:20
1331;18;black;Ke5;108;0:02:34
1332;18;white;g3;109;0:01:18
1333;18;black;f4;110;0:02:33
1334;18;white;gxf4+;111;0:01:15
1335;18;black;Ke4;112;0:02:33
1336;18;white;Qh4;113;0:01:11
1337;18;black;Kf3;114;0:02:33
1338;18;white;f5;115;0:01:10
1339;18;black;Ke2;116;0:02:30
1340;18;white;f6;117;0:01:10
1341;18;black;Kd2;118;0:02:30
1342;18;white;f7;119;0:01:09
1343;18;black;Kc2;120;0:02:30
1344;18;white;f8=Q;121;0:01:09
1345;18;black;Kb2;122;0:02:29
1346;18;white;Qhd8;123;0:01:06
1347;18;black;Kc2;124;0:02:29
1348;18;white;Qfe7;125;0:01:06
1349;18;black;Kb2;126;0:02:29
1350;18;white;Qec7;127;0:01:04
1351;19;white;e4;1;0:10:00
1352;19;black;Nf6;2;0:09:57
1353;19;white;Nf3;3;0:09:59
1354;19;black;Nxe4;4;0:09:56
1355;19;white;Bc4;5;0:09:58
1356;19;black;e6;6;0:09:50
1357;19;white;Nc3;7;0:09:57
1358;19;black;Nxc3;8;0:09:46
1359;19;white;bxc3;9;0:09:53
1360;19;black;d5;10;0:09:44
1361;19;white;Bb3;11;0:09:47
1362;19;black;g6;12;0:09:41
1363;19;white;d4;13;0:09:46
1364;19;black;Bg7;14;0:09:39
1365;19;white;Ne5;15;0:09:45
1366;19;black;O-O;16;0:09:33
1367;19;white;O-O;17;0:09:43
1368;19;black;Nc6;18;0:09:24
1369;19;white;Nxc6;19;0:09:23
1370;19;black;bxc6;20;0:09:21
1371;19;white;Ba3;21;0:09:22
1372;19;black;Re8;22;0:09:11
1373;19;white;Re1;23;0:09:21
1374;19;black;Qg5;24;0:08:48
1375;19;white;Re5;25;0:09:16
1376;19;black;Bxe5;26;0:08:36
1377;19;white;dxe5;27;0:09:16
1378;19;black;Qxe5;28;0:08:32
1379;19;white;Qe1;29;0:09:10
1380;19;black;Qxc3;30;0:08:26
1381;19;white;Qxc3;31;0:09:08
1382;19;black;e5;32;0:08:16
1383;19;white;Qf3;33;0:08:53
1384;19;black;e4;34;0:08:12
1385;19;white;Qf6;35;0:08:49
1386;19;black;Re6;36;0:07:36
1387;19;white;Qd8+;37;0:08:04
1388;19;black;Kg7;38;0:07:28
1389;19;white;Bb2+;39;0:07:59
1390;19;black;f6;40;0:07:18
1391;19;white;Qxc7+;41;0:07:52
1392;19;black;Kh6;42;0:06:46
1393;19;white;Bc1+;43;0:07:36
1394;19;black;g5;44;0:06:44
1395;19;white;h4;45;0:07:27
1396;19;black;Re5;46;0:06:35
1397;19;white;hxg5+;47;0:07:14
1398;19;black;fxg5;48;0:06:28
1399;19;white;Qxe5;49;0:07:07
1400;19;black;Ba6;50;0:06:17
1401;19;white;Qxg5#;51;0:07:04
1402;20;white;e4;1;0:10:00
1403;20;black;e5;2;0:09:59
1404;20;white;Nf3;3;0:09:59
1405;20;black;Nc6;4;0:09:57
1406;20;white;Bc4;5;0:09:58
1407;20;black;f6;6;0:09:52
1408;20;white;d3;7;0:09:32
1409;20;black;Bb4+;8;0:09:30
1410;20;white;c3;9;0:09:30
1411;20;black;Bc5;10;0:09:29
1412;20;white;O-O;11;0:09:28
1413;20;black;Nge7;12;0:09:22
1414;20;white;b4;13;0:09:03
1415;20;black;Bb6;14;0:09:01
1416;20;white;Ba3;15;0:08:58
1417;20;black;a5;16;0:08:56
1418;20;white;b5;17;0:08:42
1419;20;black;Na7;18;0:08:50
1420;20;white;Nbd2;19;0:08:10
1421;20;black;c6;20;0:08:47
1422;20;white;Qa4;21;0:07:58
1423;20;black;d5;22;0:08:22
1424;20;white;bxc6;23;0:07:50
1425;20;black;bxc6;24;0:08:17
1426;20;white;exd5;25;0:07:33
1427;20;black;Nxd5;26;0:08:14
1428;20;white;Bxd5;27;0:07:21
1429;20;black;Qxd5;28;0:08:11
1430;20;white;c4;29;0:07:14
1431;20;black;Qxd3;30;0:08:01
1432;20;white;Rad1;31;0:06:48
1433;20;black;e4;32;0:06:43
1434;20;white;Rfe1;33;0:06:34
1435;20;black;Bxf2+;34;0:05:50
1436;20;white;Kxf2;35;0:06:31
1437;20;black;e3+;36;0:05:49
1438;20;white;Rxe3+;37;0:06:28
1439;20;black;Qxe3+;38;0:05:18
1440;20;white;Kxe3;39;0:06:24
1441;20;black;Kd7;40;0:05:12
1442;20;white;Ne4+;41;0:06:10
1443;20;black;Kc7;42;0:05:07
1444;20;white;Bd6+;43;0:06:05
1445;20;black;Kd7;44;0:05:01
1446;20;white;Bc5+;45;0:06:03
1447;20;black;Kc7;46;0:04:58
1448;20;white;Qxa5+;47;0:05:50
1449;20;black;Kb8;48;0:04:45
1450;20;white;Qb6+;49;0:05:49
1451;20;black;Bb7;50;0:04:44
1452;20;white;Bd6+;51;0:05:42
1453;20;black;Kc8;52;0:04:39
1454;20;white;Qc7#;53;0:05:41
1455;21;white;d4;1;0:09:58
1456;21;black;c6;2;0:09:55
1457;21;white;e3;3;0:09:57
1458;21;black;Nf6;4;0:09:53
1459;21;white;Nf3;5;0:09:55
1460;21;black;d5;6;0:09:46
1461;21;white;Bd3;7;0:09:54
1462;21;black;Bg4;8;0:09:41
1463;21;white;O-O;9;0:09:50
1464;21;black;e6;10;0:09:24
1465;21;white;h3;11;0:09:49
1466;21;black;Bf5;12;0:09:23
1467;21;white;Nc3;13;0:09:47
1468;21;black;Nbd7;14;0:09:19
1469;21;white;Bd2;15;0:09:45
1470;21;black;c5;16;0:09:02
1471;21;white;Bb5;17;0:09:40
1472;21;black;Bd6;18;0:08:09
1473;21;white;Ne5;19;0:09:20
1474;21;black;Bxe5;20;0:08:03
1475;21;white;dxe5;21;0:09:17
1476;21;black;Nh5;22;0:07:38
1477;21;white;Qxh5;23;0:09:06
1478;21;black;O-O;24;0:07:37
1479;21;white;Rfe1;25;0:08:37
1480;21;black;Nb6;26;0:07:24
1481;21;white;Bd3;27;0:08:23
1482;21;black;Be4;28;0:07:15
1483;21;white;Nxe4;29;0:07:56
1484;21;black;dxe4;30;0:07:12
1485;21;white;Bxe4;31;0:07:53
1486;21;black;f5;32;0:07:07
1487;21;white;Bxb7;33;0:07:47
1488;21;black;Qxd2;34;0:07:02
1489;21;white;Bxa8;35;0:07:41
1490;21;black;Rxa8;36;0:07:01
1491;21;white;Red1;37;0:07:01
1492;21;black;Qxc2;38;0:06:53
1493;21;white;Rd6;39;0:06:48
1494;21;black;Qxb2;40;0:06:07
1495;21;white;Rxe6;41;0:06:41
1496;21;black;Qxa1+;42;0:05:46
1497;21;white;Kh2;43;0:06:38
1498;21;black;Rf8;44;0:05:35
1499;21;white;Re8;45;0:06:21
1500;21;black;Nc8;46;0:02:55
1501;21;white;e6;47;0:06:12
1502;21;black;Nd6;48;0:02:51
1503;21;white;Rxf8+;49;0:05:13
1504;21;black;Kxf8;50;0:02:43
1505;21;white;Qxh7;51;0:05:02
1506;21;black;Qe5+;52;0:02:35
1507;21;white;f4;53;0:04:51
1508;21;black;Qxe6;54;0:02:24
1509;21;white;Qh8+;55;0:04:43
1510;21;black;Qg8;56;0:02:02
1511;21;white;Qxg8+;57;0:04:36
1512;21;black;Kxg8;58;0:02:02
1513;21;white;g4;59;0:04:34
1514;21;black;c4;60;0:02:00
1515;21;white;Kg2;61;0:04:29
1516;21;black;c3;62;0:01:53
1517;21;white;Kf1;63;0:04:27
1518;21;black;c2;64;0:01:52
1519;21;white;Ke2;65;0:04:25
1520;21;black;c1=Q;66;0:01:51
1521;21;white;Kf3;67;0:04:23
1522;21;black;Qc6+;68;0:01:46
1523;21;white;Kg3;69;0:04:22
1524;21;black;g6;70;0:01:38
1525;21;white;a3;71;0:04:17
1526;21;black;Kg7;72;0:01:28
1527;21;white;a4;73;0:04:14
1528;21;black;Ne4+;74;0:01:25
1529;21;white;Kf3;75;0:04:12
1530;21;black;Qxa4;76;0:01:23
1531;21;white;h4;77;0:04:08
1532;21;black;Qd1+;78;0:01:20
1533;21;white;Kg2;79;0:04:06
1534;21;black;Qxg4+;80;0:01:18
1535;21;white;Kh2;81;0:04:02
1536;21;black;Nf2;82;0:01:13
1537;21;white;h5;83;0:03:58
1538;21;black;gxh5;84;0:01:11
1539;21;white;e4;85;0:03:55
1540;21;black;Nd1;86;0:00:52
1541;21;white;e5;87;0:03:50
1542;21;black;Kf7;88;0:00:50
1543;21;white;e6+;89;0:03:48
1544;21;black;Kxe6;90;0:00:50
1545;21;white;Kh1;91;0:03:46
1546;21;black;Ne3;92;0:00:45
1547;21;white;Kh2;93;0:03:44
1548;21;black;Qg2#;94;0:00:44
1549;22;white;d4;1;0:09:58
1550;22;black;c6;2;0:09:58
1551;22;white;c4;3;0:09:52
1552;22;black;Nf6;4;0:09:55
1553;22;white;Bg5;5;0:09:47
1554;22;black;Ne4;6;0:09:45
1555;22;white;Nf3;7;0:09:39
1556;22;black;Nxg5;8;0:09:39
1557;22;white;Nxg5;9;0:09:37
1558;22;black;e5;10;0:09:37
1559;22;white;e3;11;0:09:31
1560;22;black;Qxg5;12;0:09:34
1561;22;white;d5;13;0:09:21
1562;22;black;Bb4+;14;0:08:31
1563;22;white;Nc3;15;0:09:01
1564;22;black;cxd5;16;0:08:27
1565;22;white;Qxd5;17;0:08:57
1566;22;black;O-O;18;0:08:16
1567;22;white;Bd3;19;0:08:39
1568;22;black;d6;20;0:07:00
1569;22;white;h4;21;0:08:31
1570;22;black;Qh5;22;0:06:48
1571;22;white;Be2;23;0:08:13
1572;22;black;Qf5;24;0:06:20
1573;22;white;g4;25;0:07:58
1574;22;black;Qxf2+;26;0:05:46
1575;22;white;Kxf2;27;0:07:48
1576;22;black;Na6;28;0:05:26
1577;22;white;Nb5;29;0:07:30
1578;22;black;Be6;30;0:05:16
1579;22;white;Qxb7;31;0:07:19
1580;22;black;Nc5;32;0:04:59
1581;22;white;Qc7;33;0:07:06
1582;22;black;Ne4+;34;0:04:52
1583;22;white;Kg2;35;0:06:55
1584;22;black;Rfc8;36;0:04:43
1585;22;white;Qe7;37;0:06:37
1586;22;black;Re8;38;0:03:45
1587;22;white;Qc7;39;0:06:20
1588;22;black;Red8;40;0:03:11
1589;22;white;Rad1;41;0:05:55
1590;22;black;Rd7;42;0:03:03
1591;22;white;c5;43;0:05:33
1592;22;black;Rxc7;44;0:02:57
1593;22;white;Nxc7;45;0:05:30
1594;22;black;Rd8;46;0:02:39
1595;22;white;Nxe6;47;0:05:15
1596;22;black;fxe6;48;0:02:34
1597;22;white;Bc4;49;0:05:06
1598;22;black;Kf7;50;0:02:15
1599;22;white;Rhf1+;51;0:05:00
1600;22;black;Ke7;52;0:02:07
1601;22;white;g5;53;0:04:48
1602;22;black;Bxc5;54;0:01:49
1603;22;white;a3;55;0:04:30
1604;22;black;d5;56;0:01:36
1605;22;white;Bb5;57;0:04:13
1606;22;black;Rd6;58;0:01:25
1607;22;white;Rc1;59;0:03:51
1608;22;black;Bb6;60;0:01:12
1609;22;white;Rc8;61;0:03:42
1610;22;black;g6;62;0:00:51
1611;22;white;Rff8;63;0:03:03
1612;22;black;d4;64;0:00:29
1613;22;white;Rce8#;65;0:02:59
1614;23;white;d4;1;0:09:59
1615;23;black;c6;2;0:09:54
1616;23;white;Bf4;3;0:09:44
1617;23;black;d5;4;0:09:48
1618;23;white;c4;5;0:09:40
1619;23;black;Nf6;6;0:09:39
1620;23;white;e3;7;0:09:17
1621;23;black;dxc4;8;0:09:33
1622;23;white;Bxc4;9;0:09:12
1623;23;black;e6;10;0:09:28
1624;23;white;Nf3;11;0:09:06
1625;23;black;Nbd7;12;0:09:26
1626;23;white;O-O;13;0:09:04
1627;23;black;b5;14;0:09:24
1628;23;white;Nc3;15;0:08:35
1629;23;black;bxc4;16;0:09:17
1630;23;white;Rc1;17;0:08:33
1631;23;black;Bb7;18;0:08:31
1632;23;white;Qa4;19;0:07:53
1633;23;black;c5;20;0:08:12
1634;23;white;Ne5;21;0:07:27
1635;23;black;cxd4;22;0:07:51
1636;23;white;exd4;23;0:07:14
1637;23;black;Bd6;24;0:07:43
1638;23;white;Rfe1;25;0:06:41
1639;23;black;O-O;26;0:07:26
1640;23;white;d5;27;0:05:39
1641;23;black;Bb8;28;0:06:24
1642;23;white;dxe6;29;0:05:16
1643;23;black;Nc5;30;0:06:01
1644;23;white;Qc2;31;0:04:49
1645;23;black;Nxe6;32;0:05:30
1646;23;white;Rcd1;33;0:04:33
1647;23;black;Qa5;34;0:05:00
1648;23;white;Nd7;35;0:03:39
1649;23;black;Nxd7;36;0:04:51
1650;23;white;Rxd7;37;0:03:28
1651;23;black;Nc5;38;0:03:33
1652;23;white;Rxf7;39;0:02:10
1653;23;black;Bxf4;40;0:02:57
1654;23;white;Rxg7+;41;0:00:52
1655;23;black;Kxg7;42;0:02:47
1656;23;white;Re7+;43;0:00:46
1657;23;black;Rf7;44;0:02:41
1658;23;white;Rxf7+;45;0:00:33
1659;23;black;Kxf7;46;0:02:36
1660;23;white;Qxh7+;47;0:00:31
1661;23;black;Ke6;48;0:02:28
1662;23;white;Qxb7;49;0:00:30
1663;23;black;Nxb7;50;0:02:26
1664;24;white;e4;1;0:10:00
1665;24;black;e5;2;0:09:55
1666;24;white;Nf3;3;0:09:58
1667;24;black;Nc6;4;0:09:50
1668;24;white;c3;5;0:09:55
1669;24;black;Nf6;6;0:09:47
1670;24;white;d3;7;0:09:51
1671;24;black;Bc5;8;0:09:46
1672;24;white;Bg5;9;0:09:33
1673;24;black;O-O;10;0:09:32
1674;24;white;Nbd2;11;0:09:19
1675;24;black;d6;12;0:09:30
1676;24;white;Nb3;13;0:09:16
1677;24;black;Bg4;14;0:09:25
1678;24;white;Nxc5;15;0:09:03
1679;24;black;dxc5;16;0:09:22
1680;24;white;Be2;17;0:08:46
1681;24;black;Qd6;18;0:09:11
1682;24;white;Qb3;19;0:08:23
1683;24;black;Na5;20;0:08:57
1684;24;white;Qc2;21;0:08:01
1685;24;black;Nd7;22;0:08:44
1686;24;white;Rd1;23;0:07:50
1687;24;black;f6;24;0:08:36
1688;24;white;Be3;25;0:07:38
1689;24;black;Be6;26;0:08:29
1690;24;white;b4;27;0:07:31
1691;24;black;cxb4;28;0:08:18
1692;24;white;cxb4;29;0:07:23
1693;24;black;Qxb4+;30;0:08:15
1694;24;white;Bd2;31;0:07:20
1695;24;black;Qa3;32;0:07:53
1696;24;white;O-O;33;0:06:47
1697;24;black;Bxa2;34;0:07:41
1698;24;white;Bxa5;35;0:06:33
1699;24;black;Bb3;36;0:07:27
1700;24;white;Qc3;37;0:06:06
1701;24;black;Nc5;38;0:07:16
1702;24;white;Bb4;39;0:05:56
1703;24;black;Qa2;40;0:06:51
1704;24;white;Bxc5;41;0:05:36
1705;24;black;Bxd1;42;0:06:42
1706;24;white;Bxd1;43;0:05:20
1707;24;black;Rfd8;44;0:06:22
1708;24;white;Bb3+;45;0:05:17
1709;25;white;e4;1;0:03:02
1710;25;black;c6;2;0:03:01
1711;25;white;Nf3;3;0:03:03
1712;25;black;d5;4;0:03:02
1713;25;white;d4;5;0:03:04
1714;25;black;Bg4;6;0:03:01
1715;25;white;Be2;7;0:03:03
1716;25;black;dxe4;8;0:03:01
1717;25;white;Ne5;9;0:03:02
1718;25;black;Bxe2;10;0:02:58
1719;25;white;Qxe2;11;0:03:02
1720;25;black;Qxd4;12;0:02:59
1721;25;white;f4;13;0:02:54
1722;25;black;Nf6;14;0:02:53
1723;25;white;c3;15;0:02:49
1724;25;black;Qb6;16;0:02:40
1725;25;white;Nd2;17;0:02:46
1726;25;black;Nbd7;18;0:02:24
1727;25;white;Qc4;19;0:02:45
1728;25;black;Qe3+;20;0:02:11
1729;25;white;Kd1;21;0:02:37
1730;25;black;Nxe5;22;0:01:54
1731;25;white;fxe5;23;0:02:31
1732;25;black;Ng4;24;0:01:25
1733;25;white;e6;25;0:02:23
1734;25;black;fxe6;26;0:01:19
1735;25;white;Qxe6;27;0:02:23
1736;25;black;Nf2+;28;0:01:18
1737;25;white;Kc2;29;0:02:21
1738;25;black;Qd3+;30;0:01:18
1739;25;white;Kb3;31;0:02:20
1740;25;black;Nxh1;32;0:01:14
1741;25;white;Nxe4;33;0:02:20
1742;25;black;Qb5+;34;0:01:04
1743;25;white;Kc2;35;0:02:20
1744;25;black;Rd8;36;0:00:42
1745;25;white;Bg5;37;0:02:11
1746;25;black;Qe2+;38;0:00:25
1747;25;white;Kb3;39;0:02:10
1748;25;black;Qb5+;40;0:00:23
1749;25;white;Kc2;41;0:02:10
1750;25;black;Rd2+;42;0:00:23
1751;25;white;Nxd2;43;0:02:10
1752;25;black;Qxg5;44;0:00:24
1753;25;white;Qc8+;45;0:02:10
1754;25;black;Kf7;46;0:00:24
1755;25;white;Rxh1;47;0:02:10
1756;25;black;Qf5+;48;0:00:19
1757;25;white;Kb3;49;0:02:09
1758;25;black;g6;50;0:00:19
1759;25;white;Rf1;51;0:02:08
1760;25;black;Bg7;52;0:00:20
1761;25;white;Qxb7;53;0:01:58
1762;25;black;Rb8;54;0:00:15
1763;25;white;Qxb8;55;0:01:57
1764;25;black;Qxf1;56;0:00:16
1765;25;white;Nxf1;57;0:01:57
1766;25;black;h6;58;0:00:14
1767;25;white;Qxa7;59;0:01:59
1768;26;white;e4;1;0:03:00
1769;26;black;e5;2;0:02:58
1770;26;white;Nf3;3;0:02:59
1771;26;black;Nc6;4;0:02:57
1772;26;white;c3;5;0:02:58
1773;26;black;d6;6;0:02:53
1774;26;white;Qa4;7;0:02:54
1775;26;black;Bg4;8;0:02:47
1776;26;white;Bb5;9;0:02:51
1777;26;black;Qd7;10;0:02:35
1778;26;white;d4;11;0:02:41
1779;26;black;Bxf3;12;0:02:31
1780;26;white;d5;13;0:02:39
1781;26;black;Bxg2;14;0:02:26
1782;26;white;dxc6;15;0:02:35
1783;26;black;Qc8;16;0:02:02
1784;26;white;cxb7+;17;0:02:33
1785;27;white;e4;1;0:03:00
1786;27;black;c6;2;0:03:00
1787;27;white;c4;3;0:02:58
1788;27;black;d5;4;0:02:59
1789;27;white;c5;5;0:02:57
1790;27;black;g6;6;0:02:50
1791;27;white;e5;7;0:02:54
1792;27;black;Bf5;8;0:02:48
1793;27;white;d4;9;0:02:52
1794;27;black;e6;10;0:02:41
1795;27;white;g4;11;0:02:49
1796;27;black;b6;12;0:02:40
1797;27;white;gxf5;13;0:02:48
1798;27;black;f6;14;0:02:28
1799;27;white;fxg6;15;0:02:47
1800;27;black;hxg6;16;0:02:28
1801;27;white;Nh3;17;0:02:44
1802;27;black;Nd7;18;0:02:24
1803;27;white;Qa4;19;0:02:38
1804;27;black;Ne7;20;0:02:18
1805;27;white;exf6;21;0:02:33
1806;27;black;Nxf6;22;0:02:15
1807;27;white;Bg5;23;0:01:49
1808;27;black;Ne4;24;0:01:56
1809;27;white;Bxe7;25;0:01:46
1810;27;black;Bxe7;26;0:01:49
1811;27;white;Qxc6+;27;0:01:44
1812;27;black;Kf7;28;0:01:43
1813;27;white;Bd3;29;0:01:36
1814;27;black;Rxh3;30;0:01:42
1815;27;white;Bxe4;31;0:01:34
1816;27;black;Rc8;32;0:01:30
1817;27;white;Bxg6+;33;0:01:27
1818;27;black;Kxg6;34;0:01:29
1819;27;white;Qa4;35;0:01:25
1820;27;black;Rc7;36;0:01:16
1821;27;white;Qc2+;37;0:01:23
1822;27;black;Kf7;38;0:01:15
1823;27;white;Rg1;39;0:01:17
1824;27;black;Qh8;40;0:01:09
1825;27;white;Qg6+;41;0:01:15
1826;27;black;Kf8;42;0:01:06
1827;27;white;Nc3;43;0:01:07
1828;27;black;Rxh2;44;0:00:47
1829;27;white;Nb5;45;0:01:02
1830;27;black;Rd7;46;0:00:43
1831;27;white;Qxe6;47;0:00:56
1832;27;black;Qxd4;48;0:00:36
1833;27;white;Qg8#;49;0:00:50
1834;28;white;e4;1;0:03:00
1835;28;black;e5;2;0:03:00
1836;28;white;Nf3;3;0:02:59
1837;28;black;d6;4;0:02:59
1838;28;white;c3;5;0:02:58
1839;28;black;Bg4;6;0:02:59
1840;28;white;Qa4+;7;0:02:51
1841;28;black;Nc6;8;0:02:56
1842;28;white;Bb5;9;0:02:50
1843;28;black;Qd7;10;0:02:53
1844;28;white;d4;11;0:02:47
1845;28;black;Bxf3;12;0:02:51
1846;28;white;d5;13;0:02:46
1847;28;black;Bxg2;14;0:02:47
1848;28;white;dxc6;15;0:02:45
1849;28;black;bxc6;16;0:02:46
1850;28;white;Bxc6;17;0:02:43
1851;28;black;Qxc6;18;0:02:43
1852;28;white;Qxc6+;19;0:02:42
1853;28;black;Ke7;20;0:02:42
1854;28;white;Qxa8;21;0:02:39
1855;28;black;Bxh1;22;0:02:41
1856;28;white;Bg5+;23;0:02:38
1857;28;black;f6;24;0:02:39
1858;28;white;Nd2;25;0:02:22
1859;28;black;h6;26;0:02:37
1860;28;white;Be3;27;0:02:18
1861;28;black;g5;28;0:02:35
1862;28;white;Ke2;29;0:02:03
1863;28;black;f5;30;0:02:33
1864;28;white;Rxh1;31;0:02:01
1865;28;black;fxe4;32;0:02:32
1866;28;white;Nxe4;33;0:01:59
1867;28;black;Nf6;34;0:02:31
1868;28;white;f3;35;0:01:58
1869;28;black;Nxe4;36;0:02:30
1870;28;white;fxe4;37;0:01:56
1871;28;black;Bg7;38;0:02:29
1872;28;white;Qd5;39;0:01:53
1873;28;black;Kd7;40;0:02:27
1874;28;white;c4;41;0:01:48
1875;28;black;c6;42;0:02:27
1876;28;white;Qf7+;43;0:01:45
